these oligos were found by searching here: https://portals.broadinstitute.org/gpp/public/gene/search_clones,,,,,,,,,,,,,,,,,,,,,,,
I was directed here based on the IDT pLKO page: https://www.addgene.org/protocols/plko/,,,,,,,,,,,,,,,,,,,,,,,
Input,Taxon,Gene ID,Gene Symbol,Clone ID,Legacy Clone Name,Target Seq,Vector,Matching Transcripts for Gene,Match Regions,Match %,SDR Match %,Intrinsic Score,Adjusted Score,Matches Other Gene in Same Taxon?,Orig. Target Gene ID,Orig. Target Gene Symbol,Length,Forward Oligo Sequence,Length,Reverse Oligo Sequence,Addgene,hitsDlg2s,myName
DLG2,human,1740,DLG2,TRCN0000006109,NM_001364.1-846s1c1,CGTTGTGGAAATCAAACTGTT,pLKO.1,"NM_001364.3, XM_024448379.1, XM_017017273.2, XM_011544780.3, NM_001351274.2, XM_017017261.2, XM_011544778.3, XM_017017264.2, XM_017017256.2, XM_017017255.2, XM_017017280.2, XM_017017271.2, XM_017017265.2, XM_017017254.2, NM_001142700.2, NM_001351276.2, XM_017017281.2, XM_024448378.1, XM_017017257.2, XM_017017286.2, NM_001351275.1, XM_017017284.1, XM_017017285.1, XM_017017269.1, XM_017017258.1, XM_005273811.4, XM_017017275.1, XM_017017268.1, XM_017017267.1, XM_017017277.1, XM_017017278.1, XM_017017270.1, XM_017017262.1, XM_017017283.1, XM_011544788.2, XM_017017279.1, XM_017017274.1, XM_005273810.4, XM_017017263.1, XM_017017276.1, XM_011544782.2, XM_017017266.1, NM_001300983.1, NM_001206769.1, NM_001142699.1",CDS,100,100,4.95,3.96,N,1740,DLG2,58,CCGGCGTTGTGGAAATCAAACTGTTCTCGAGAACAGTTTGATTTCCACAACGTTTTTG,58,AATTCAAAAACGTTGTGGAAATCAAACTGTTCTCGAGAACAGTTTGATTTCCACAACG,n/a,no,n/a
DLG2,human,1740,DLG2,TRCN0000006110,NM_001364.1-1325s1c1,CTGTGAACAAACTATGTGATA,pLKO.1,"NM_001364.3, XM_024448379.1, XM_011544780.3, NM_001351274.2, XM_011544778.3, XM_017017264.2, XM_017017256.2, XM_017017255.2, XM_017017271.2, XM_017017265.2, XM_017017254.2, NM_001351276.2, XM_024448378.1, XM_017017257.2, XM_017017286.2, NM_001351275.1, XM_017017284.1, XM_017017269.1, XM_017017258.1, XM_005273811.4, XM_017017268.1, XM_017017267.1, XM_017017277.1, XM_017017270.1, XM_017017262.1, XM_017017283.1, XM_017017274.1, XM_005273810.4, XM_017017263.1, XM_017017276.1, XM_011544782.2, XM_017017266.1, NM_001300983.1, NM_001206769.1, NM_001142699.1",CDS,100,100,4.95,3.465,N,1740,DLG2,58,CCGGCTGTGAACAAACTATGTGATACTCGAGTATCACATAGTTTGTTCACAGTTTTTG,58,AATTCAAAAACTGTGAACAAACTATGTGATACTCGAGTATCACATAGTTTGTTCACAG,n/a,no,n/a
DLG2,human,1740,DLG2,TRCN0000006108,NM_001364.1-2517s1c1,CGGCCAGTACAATGACAATTT,pLKO.1,"NM_001142702.1, XM_024448379.1, XM_017017273.2, XM_011544780.3, NM_001351274.2, XM_017017261.2, XM_011544778.3, XM_017017264.2, XM_017017256.2, XM_017017255.2, XM_017017280.2, XM_017017271.2, XM_017017265.2, XM_017017254.2, NM_001142700.2, NM_001351276.2, XM_017017281.2, XM_024448378.1, XM_017017257.2, XM_017017286.2, NM_001351275.1, XM_017017284.1, XM_017017285.1, XM_017017287.1, XM_017017291.1, XM_017017269.1, XM_017017292.1, XM_017017258.1, XM_005273811.4, XM_017017275.1, XM_017017268.1, XM_017017267.1, XM_017017277.1, XM_017017278.1, XM_017017270.1, XM_017017262.1, XM_017017283.1, XM_011544788.2, XM_017017279.1, XM_017017274.1, XM_005273810.4, XM_017017290.1, XM_017017289.1, XM_017017263.1, XM_017017276.1, XM_011544782.2, XM_017017288.1, XM_017017266.1, NM_001300983.1, NM_001206769.1, NM_001142699.1, NM_001364.3",CDS,100,100,13.2,18.48,N,1740,DLG2,58,CCGGCGGCCAGTACAATGACAATTTCTCGAGAAATTGTCATTGTACTGGCCGTTTTTG,58,AATTCAAAAACGGCCAGTACAATGACAATTTCTCGAGAAATTGTCATTGTACTGGCCG,n/a,yes,shD1
DLG2,human,1740,DLG2,TRCN0000006107,NM_001364.1-2350s1c1,CGGATCAATGACGACTTGATA,pLKO.1,"NM_001142702.1, XM_024448379.1, XM_017017273.2, XM_011544780.3, NM_001351274.2, XM_017017261.2, XM_011544778.3, XM_017017264.2, XM_017017256.2, XM_017017255.2, XM_017017280.2, XM_017017271.2, XM_017017265.2, XM_017017254.2, NM_001142700.2, NM_001351276.2, XM_017017281.2, XM_024448378.1, XM_017017257.2, XM_017017286.2, NM_001351275.1, XM_017017284.1, XM_017017285.1, XM_017017287.1, XM_017017291.1, XM_017017269.1, XM_017017292.1, XM_017017258.1, XM_005273811.4, XM_017017275.1, XM_017017268.1, XM_017017267.1, XM_017017277.1, XM_017017278.1, XM_017017270.1, XM_017017262.1, XM_017017283.1, XM_011544788.2, XM_017017279.1, XM_017017274.1, XM_005273810.4, XM_017017290.1, XM_017017289.1, XM_017017263.1, XM_017017276.1, XM_011544782.2, XM_017017288.1, XM_017017266.1, NM_001300983.1, NM_001206769.1, NM_001142699.1, NM_001364.3",CDS,100,100,0.5625,0.7875,N,1740,DLG2,58,CCGGCGGATCAATGACGACTTGATACTCGAGTATCAAGTCGTCATTGATCCGTTTTTG,58,AATTCAAAAACGGATCAATGACGACTTGATACTCGAGTATCAAGTCGTCATTGATCCG,n/a,yes,shD10
DLG2,human,1740,DLG2,TRCN0000134126,NM_175892.3-1245s1c1,CGGGATTTCTTGGCTATTTAT,pLKO.1,"NM_001142702.1, XM_024448379.1, XM_017017273.2, XM_011544780.3, NM_001351274.2, XM_017017261.2, XM_011544778.3, XM_017017264.2, XM_017017256.2, XM_017017255.2, XM_017017280.2, XM_017017271.2, XM_017017265.2, XM_017017254.2, NM_001142700.2, NM_001351276.2, XM_017017281.2, XM_024448378.1, XM_017017257.2, XM_017017286.2, NM_001351275.1, XM_017017284.1, XM_017017285.1, XM_017017287.1, XM_017017291.1, XM_017017269.1, XM_017017292.1, XM_017017258.1, XM_005273811.4, XM_017017275.1, XM_017017268.1, XM_017017267.1, XM_017017277.1, XM_017017278.1, XM_017017270.1, XM_017017262.1, XM_017017283.1, XM_011544788.2, XM_017017279.1, XM_017017274.1, XM_005273810.4, XM_017017290.1, XM_017017289.1, XM_017017263.1, XM_017017276.1, XM_011544782.2, XM_017017288.1, XM_017017266.1, NM_001300983.1, NM_001206769.1, NM_001142699.1, NM_001364.3",3UTR,100,100,15,12,N,1740,DLG2,58,CCGGCGGGATTTCTTGGCTATTTATCTCGAGATAAATAGCCAAGAAATCCCGTTTTTG,58,AATTCAAAAACGGGATTTCTTGGCTATTTATCTCGAGATAAATAGCCAAGAAATCCCG,n/a,yes,shD2
DLG2,human,1740,DLG2,TRCN0000138602,NM_175892.3-1208s1c1,CCACAGAATTGTCGGCCATTT,pLKO.1,"NM_001142702.1, XM_024448379.1, XM_017017273.2, XM_011544780.3, NM_001351274.2, XM_017017261.2, XM_011544778.3, XM_017017264.2, XM_017017256.2, XM_017017255.2, XM_017017280.2, XM_017017271.2, XM_017017265.2, XM_017017254.2, NM_001142700.2, NM_001351276.2, XM_017017281.2, XM_024448378.1, XM_017017257.2, XM_017017286.2, NM_001351275.1, XM_017017284.1, XM_017017285.1, XM_017017287.1, XM_017017291.1, XM_017017269.1, XM_017017292.1, XM_017017258.1, XM_005273811.4, XM_017017275.1, XM_017017268.1, XM_017017267.1, XM_017017277.1, XM_017017278.1, XM_017017270.1, XM_017017262.1, XM_017017283.1, XM_011544788.2, XM_017017279.1, XM_017017274.1, XM_005273810.4, XM_017017290.1, XM_017017289.1, XM_017017263.1, XM_017017276.1, XM_011544782.2, XM_017017288.1, XM_017017266.1, NM_001300983.1, NM_001206769.1, NM_001142699.1, NM_001364.3",3UTR,100,100,10.8,8.64,N,1740,DLG2,58,CCGGCCACAGAATTGTCGGCCATTTCTCGAGAAATGGCCGACAATTCTGTGGTTTTTG,58,AATTCAAAAACCACAGAATTGTCGGCCATTTCTCGAGAAATGGCCGACAATTCTGTGG,n/a,yes,shD3
DLG2,human,1740,DLG2,TRCN0000137887,NM_175892.3-2520s1c1,CCTCACTGAAACCTGTGCTTT,pLKO.1,"NM_001142702.1, XM_024448379.1, XM_017017273.2, XM_011544780.3, NM_001351274.2, XM_017017261.2, XM_011544778.3, XM_017017264.2, XM_017017256.2, XM_017017255.2, XM_017017280.2, XM_017017271.2, XM_017017265.2, XM_017017254.2, NM_001142700.2, NM_001351276.2, XM_017017281.2, XM_024448378.1, XM_017017257.2, XM_017017286.2, NM_001351275.1, XM_017017284.1, XM_017017285.1, XM_017017287.1, XM_017017291.1, XM_017017269.1, XM_017017292.1, XM_017017258.1, XM_005273811.4, XM_017017275.1, XM_017017268.1, XM_017017267.1, XM_017017277.1, XM_017017278.1, XM_017017270.1, XM_017017262.1, XM_017017283.1, XM_011544788.2, XM_017017279.1, XM_017017274.1, XM_005273810.4, XM_017017290.1, XM_017017289.1, XM_017017263.1, XM_017017276.1, XM_011544782.2, XM_017017288.1, XM_017017266.1, NM_001300983.1, NM_001206769.1, NM_001142699.1, NM_001364.3",3UTR,100,100,4.95,3.465,N,1740,DLG2,58,CCGGCCTCACTGAAACCTGTGCTTTCTCGAGAAAGCACAGGTTTCAGTGAGGTTTTTG,58,AATTCAAAAACCTCACTGAAACCTGTGCTTTCTCGAGAAAGCACAGGTTTCAGTGAGG,n/a,yes,shD4
DLG2,human,1740,DLG2,TRCN0000006106,NM_001364.1-2918s1c1,GAAGAGCATTTAGAAGAACAA,pLKO.1,"NM_001142702.1, XM_024448379.1, XM_017017273.2, XM_011544780.3, NM_001351274.2, XM_017017261.2, XM_011544778.3, XM_017017264.2, XM_017017256.2, XM_017017255.2, XM_017017280.2, XM_017017271.2, XM_017017265.2, XM_017017254.2, NM_001142700.2, NM_001351276.2, XM_017017281.2, XM_024448378.1, XM_017017257.2, XM_017017286.2, NM_001351275.1, XM_017017284.1, XM_017017285.1, XM_017017287.1, XM_017017291.1, XM_017017269.1, XM_017017292.1, XM_017017258.1, XM_005273811.4, XM_017017275.1, XM_017017268.1, XM_017017267.1, XM_017017277.1, XM_017017278.1, XM_017017270.1, XM_017017262.1, XM_017017283.1, XM_011544788.2, XM_017017279.1, XM_017017274.1, XM_005273810.4, XM_017017290.1, XM_017017289.1, XM_017017263.1, XM_017017276.1, XM_011544782.2, XM_017017288.1, XM_017017266.1, NM_001300983.1, NM_001206769.1, NM_001142699.1, NM_001364.3",3UTR,100,100,4.95,3.465,N,1740,DLG2,58,CCGGGAAGAGCATTTAGAAGAACAACTCGAGTTGTTCTTCTAAATGCTCTTCTTTTTG,58,AATTCAAAAAGAAGAGCATTTAGAAGAACAACTCGAGTTGTTCTTCTAAATGCTCTTC,n/a,yes,shD5
DLG2,human,1740,DLG2,TRCN0000134618,NM_175892.3-2193s1c1,GCTGGTGAAATGAAATCTCTT,pLKO.1,"NM_001142702.1, XM_024448379.1, XM_017017273.2, XM_011544780.3, NM_001351274.2, XM_017017261.2, XM_011544778.3, XM_017017264.2, XM_017017256.2, XM_017017255.2, XM_017017280.2, XM_017017271.2, XM_017017265.2, XM_017017254.2, NM_001142700.2, NM_001351276.2, XM_017017281.2, XM_024448378.1, XM_017017257.2, XM_017017286.2, NM_001351275.1, XM_017017284.1, XM_017017285.1, XM_017017287.1, XM_017017291.1, XM_017017269.1, XM_017017292.1, XM_017017258.1, XM_005273811.4, XM_017017275.1, XM_017017268.1, XM_017017267.1, XM_017017277.1, XM_017017278.1, XM_017017270.1, XM_017017262.1, XM_017017283.1, XM_011544788.2, XM_017017279.1, XM_017017274.1, XM_005273810.4, XM_017017290.1, XM_017017289.1, XM_017017263.1, XM_017017276.1, XM_011544782.2, XM_017017288.1, XM_017017266.1, NM_001300983.1, NM_001206769.1, NM_001142699.1, NM_001364.3",3UTR,100,100,4.95,3.465,N,1740,DLG2,58,CCGGGCTGGTGAAATGAAATCTCTTCTCGAGAAGAGATTTCATTTCACCAGCTTTTTG,58,AATTCAAAAAGCTGGTGAAATGAAATCTCTTCTCGAGAAGAGATTTCATTTCACCAGC,n/a,yes,shD6
DLG2,human,1740,DLG2,TRCN0000134405,NM_175892.3-1257s1c1,GCTATTTATTTGCAGGCCTTT,pLKO.1,"NM_001142702.1, XM_024448379.1, XM_017017273.2, XM_011544780.3, NM_001351274.2, XM_017017261.2, XM_011544778.3, XM_017017264.2, XM_017017256.2, XM_017017255.2, XM_017017280.2, XM_017017271.2, XM_017017265.2, XM_017017254.2, NM_001142700.2, NM_001351276.2, XM_017017281.2, XM_024448378.1, XM_017017257.2, XM_017017286.2, NM_001351275.1, XM_017017284.1, XM_017017285.1, XM_017017287.1, XM_017017291.1, XM_017017269.1, XM_017017292.1, XM_017017258.1, XM_005273811.4, XM_017017275.1, XM_017017268.1, XM_017017267.1, XM_017017277.1, XM_017017278.1, XM_017017270.1, XM_017017262.1, XM_017017283.1, XM_011544788.2, XM_017017279.1, XM_017017274.1, XM_005273810.4, XM_017017290.1, XM_017017289.1, XM_017017263.1, XM_017017276.1, XM_011544782.2, XM_017017288.1, XM_017017266.1, NM_001300983.1, NM_001206769.1, NM_001142699.1, NM_001364.3",3UTR,100,100,4.05,2.835,N,1740,DLG2,58,CCGGGCTATTTATTTGCAGGCCTTTCTCGAGAAAGGCCTGCAAATAAATAGCTTTTTG,58,AATTCAAAAAGCTATTTATTTGCAGGCCTTTCTCGAGAAAGGCCTGCAAATAAATAGC,n/a,yes,shD7
DLG2,human,1740,DLG2,TRCN0000137533,NM_175892.3-987s1c1,CTGCAAACTTTGTCCAGAGCT,pLKO.1,"NM_001142702.1, XM_024448379.1, XM_017017273.2, XM_011544780.3, NM_001351274.2, XM_017017261.2, XM_011544778.3, XM_017017264.2, XM_017017256.2, XM_017017255.2, XM_017017280.2, XM_017017271.2, XM_017017265.2, XM_017017254.2, NM_001142700.2, NM_001351276.2, XM_017017281.2, XM_024448378.1, XM_017017257.2, XM_017017286.2, NM_001351275.1, XM_017017284.1, XM_017017285.1, XM_017017287.1, XM_017017291.1, XM_017017269.1, XM_017017292.1, XM_017017258.1, XM_005273811.4, XM_017017275.1, XM_017017268.1, XM_017017267.1, XM_017017277.1, XM_017017278.1, XM_017017270.1, XM_017017262.1, XM_017017283.1, XM_011544788.2, XM_017017279.1, XM_017017274.1, XM_005273810.4, XM_017017290.1, XM_017017289.1, XM_017017263.1, XM_017017276.1, XM_011544782.2, XM_017017288.1, XM_017017266.1, NM_001300983.1, NM_001206769.1, NM_001142699.1, NM_001364.3",3UTR,100,100,2.64,1.848,N,1740,DLG2,58,CCGGCTGCAAACTTTGTCCAGAGCTCTCGAGAGCTCTGGACAAAGTTTGCAGTTTTTG,58,AATTCAAAAACTGCAAACTTTGTCCAGAGCTCTCGAGAGCTCTGGACAAAGTTTGCAG,n/a,yes,shD8
DLG2,human,1740,DLG2,TRCN0000137863,NM_175892.3-989s1c1,GCAAACTTTGTCCAGAGCTCT,pLKO.1,"NM_001142702.1, XM_024448379.1, XM_017017273.2, XM_011544780.3, NM_001351274.2, XM_017017261.2, XM_011544778.3, XM_017017264.2, XM_017017256.2, XM_017017255.2, XM_017017280.2, XM_017017271.2, XM_017017265.2, XM_017017254.2, NM_001142700.2, NM_001351276.2, XM_017017281.2, XM_024448378.1, XM_017017257.2, XM_017017286.2, NM_001351275.1, XM_017017284.1, XM_017017285.1, XM_017017287.1, XM_017017291.1, XM_017017269.1, XM_017017292.1, XM_017017258.1, XM_005273811.4, XM_017017275.1, XM_017017268.1, XM_017017267.1, XM_017017277.1, XM_017017278.1, XM_017017270.1, XM_017017262.1, XM_017017283.1, XM_011544788.2, XM_017017279.1, XM_017017274.1, XM_005273810.4, XM_017017290.1, XM_017017289.1, XM_017017263.1, XM_017017276.1, XM_011544782.2, XM_017017288.1, XM_017017266.1, NM_001300983.1, NM_001206769.1, NM_001142699.1, NM_001364.3",3UTR,100,100,2.64,1.848,N,1740,DLG2,58,CCGGGCAAACTTTGTCCAGAGCTCTCTCGAGAGAGCTCTGGACAAAGTTTGCTTTTTG,58,AATTCAAAAAGCAAACTTTGTCCAGAGCTCTCTCGAGAGAGCTCTGGACAAAGTTTGC,n/a,yes,shD9
neg,,,,,,,,,,,,,,,,NEG,58,CCGGCCTAAGGTTAAGTCGCCCTCGCTCGAGCGAGGGCGACTTAACCTTAGGTTTTTG,58,AATTCAAAAACCTAAGGTTAAGTCGCCCTCGCTCGAGCGAGGGCGACTTAACCTTAGG,n/a,no,shNeg
